subgroup,n,mean_wait,median_wait,P90,P95,urgent_breach_rate,same_day_rate,within_3d_rate,within_14d_rate,high_risk_same_day_share,run,seed,scenario,utilization
A,2628,0.1054033485540334,0.0,0.0,1.0,0.0015220700152207,0.9459665144596652,0.9946727549467276,0.9996194824961948,1.0,run_seed_318_hash_64beb8db,318,baseline,1.0
B,2048,0.03955078125,0.0,0.0,0.0,0.00146484375,0.9775390625,0.9970703125,1.0,1.0,run_seed_318_hash_64beb8db,318,baseline,1.0
A,2302,0.1190269331016507,0.0,0.0,1.0,0.0026064291920069,0.944396177237185,0.9904430929626412,1.0,1.0,run_seed_315_hash_e0cd5d01,315,baseline,1.1
B,1924,0.0722453222453222,0.0,0.0,0.0,0.0005197505197505,0.9584199584199584,0.9968814968814969,1.0,1.0,run_seed_315_hash_e0cd5d01,315,baseline,1.1
A,2044,0.1188845401174168,0.0,0.0,0.0,0.0029354207436399,0.9525440313111546,0.988747553816047,0.9995107632093934,1.0,run_seed_316_hash_e481da2f,316,baseline,1.2
B,1787,0.0794627867935086,0.0,0.0,0.0,0.0,0.961387800783436,0.9955232232792388,1.0,1.0,run_seed_316_hash_e481da2f,316,baseline,1.2
A,2343,0.1143832693128467,0.0,0.0,1.0,0.0029876227059325,0.9483568075117372,0.9910371318822024,1.0,1.0,run_seed_304_hash_e0cd5d01,304,baseline,1.1
B,1874,0.0848452508004268,0.0,0.0,0.0,0.0016008537886872,0.959445037353255,0.9930629669156884,1.0,1.0,run_seed_304_hash_e0cd5d01,304,baseline,1.1
A,2237,0.1122038444345105,0.0,0.0,0.1999999999998181,0.0017881090746535,0.9499329459097005,0.9901654000894056,1.0,1.0,run_seed_321_hash_e0cd5d01,321,baseline,1.1
B,1955,0.0726342710997442,0.0,0.0,0.0,0.0005115089514066,0.960613810741688,0.9959079283887468,1.0,1.0,run_seed_321_hash_e0cd5d01,321,baseline,1.1
A,2278,0.146180860403863,0.0,0.0,1.0,0.0021949078138718,0.9477611940298508,0.9868305531167691,0.9995610184372256,1.0,run_seed_329_hash_e0cd5d01,329,baseline,1.1
B,1907,0.1111693759832197,0.0,0.0,0.0,0.0031463030938647,0.9528054535920294,0.9921342422653382,1.0,1.0,run_seed_329_hash_e0cd5d01,329,baseline,1.1
A,2590,0.0899613899613899,0.0,0.0,0.0,0.0003861003861003,0.9548262548262548,0.993050193050193,1.0,1.0,run_seed_319_hash_64beb8db,319,baseline,1.0
B,2103,0.0328102710413694,0.0,0.0,0.0,0.0,0.978601997146933,0.9985734664764622,1.0,1.0,run_seed_319_hash_64beb8db,319,baseline,1.0
A,2277,0.144927536231884,0.0,0.0,1.0,0.0021958717610891,0.9398331137461572,0.9872639437856828,0.999560825647782,1.0,run_seed_312_hash_e0cd5d01,312,baseline,1.1
B,1946,0.0868448098663926,0.0,0.0,0.0,0.001027749229188,0.9609455292908532,0.9933196300102776,1.0,1.0,run_seed_312_hash_e0cd5d01,312,baseline,1.1
A,2650,0.1366037735849056,0.0,0.0,1.0,0.0018867924528301,0.939622641509434,0.9894339622641508,1.0,1.0,run_seed_329_hash_64beb8db,329,baseline,1.0
B,2039,0.0657184894556155,0.0,0.0,0.0,0.0009808729769494,0.967631191760667,0.9950956351152526,1.0,1.0,run_seed_329_hash_64beb8db,329,baseline,1.0
A,2099,0.0786088613625536,0.0,0.0,0.0,0.0,0.952834683182468,0.9966650786088612,1.0,1.0,run_seed_318_hash_e481da2f,318,baseline,1.2
B,1780,0.0814606741573033,0.0,0.0,0.0,0.0005617977528089,0.9595505617977528,0.994943820224719,1.0,1.0,run_seed_318_hash_e481da2f,318,baseline,1.2
A,2252,0.1523090586145648,0.0,0.0,1.0,0.0039964476021314,0.9404973357015984,0.9875666074600356,0.9991119005328596,1.0,run_seed_308_hash_e0cd5d01,308,baseline,1.1
B,1976,0.0819838056680161,0.0,0.0,0.0,0.0,0.9600202429149798,0.9944331983805668,1.0,1.0,run_seed_308_hash_e0cd5d01,308,baseline,1.1
A,2583,0.1107239643825009,0.0,0.0,0.0,0.0007742934572202,0.9578010065814944,0.9907084785133564,1.0,1.0,run_seed_326_hash_64beb8db,326,baseline,1.0
B,2094,0.0682903533906399,0.0,0.0,0.0,0.0014326647564469,0.9723018147086916,0.9928366762177652,1.0,1.0,run_seed_326_hash_64beb8db,326,baseline,1.0
A,2269,0.1643895989422653,0.0,0.0,1.0,0.005288673424416,0.9352137505509036,0.985456148082856,0.999559277214632,1.0,run_seed_301_hash_e0cd5d01,301,baseline,1.1
B,1946,0.0935251798561151,0.0,0.0,0.0,0.0015416238437821,0.9624871531346352,0.9933196300102776,0.998972250770812,1.0,run_seed_301_hash_e0cd5d01,301,baseline,1.1
A,2234,0.0890778871978513,0.0,0.0,0.0,0.0004476275738585,0.9521038495971352,0.995076096687556,1.0,1.0,run_seed_310_hash_e0cd5d01,310,baseline,1.1
B,1978,0.0717896865520728,0.0,0.0,0.0,0.0005055611729019,0.962082912032356,0.9954499494438828,1.0,1.0,run_seed_310_hash_e0cd5d01,310,baseline,1.1
A,2647,0.1288250850018889,0.0,0.0,1.0,0.0034000755572346,0.9467321496033244,0.988666414809218,1.0,1.0,run_seed_303_hash_64beb8db,303,baseline,1.0
B,2075,0.0544578313253012,0.0,0.0,0.0,0.0004819277108433,0.9730120481927712,0.9966265060240964,1.0,1.0,run_seed_303_hash_64beb8db,303,baseline,1.0
A,2244,0.1270053475935829,0.0,0.0,1.0,0.0008912655971479,0.9442959001782532,0.9884135472370766,1.0,1.0,run_seed_319_hash_e0cd5d01,319,baseline,1.1
B,2000,0.0795,0.0,0.0,0.0,0.002,0.963,0.9935,1.0,1.0,run_seed_319_hash_e0cd5d01,319,baseline,1.1
A,2705,0.1094269870609981,0.0,0.0,1.0,0.0014787430683918,0.9486136783733826,0.9929759704251386,1.0,1.0,run_seed_301_hash_64beb8db,301,baseline,1.0
B,2002,0.0724275724275724,0.0,0.0,0.0,0.0,0.9665334665334664,0.9945054945054944,1.0,1.0,run_seed_301_hash_64beb8db,301,baseline,1.0
A,2259,0.0880920761398849,0.0,0.0,0.0,0.0008853474988933,0.9544046038069942,0.9942452412571936,1.0,1.0,run_seed_317_hash_e0cd5d01,317,baseline,1.1
B,1925,0.0696103896103896,0.0,0.0,0.0,0.0005194805194805,0.9641558441558442,0.9948051948051948,1.0,1.0,run_seed_317_hash_e0cd5d01,317,baseline,1.1
A,2626,0.1321401370906321,0.0,0.0,1.0,0.0022848438690022,0.9413556740289414,0.9912414318354912,0.9996191926884996,1.0,run_seed_308_hash_64beb8db,308,baseline,1.0
B,2063,0.0513814832767813,0.0,0.0,0.0,0.0009694619486185,0.9723703344643724,0.9966068831798351,1.0,1.0,run_seed_308_hash_64beb8db,308,baseline,1.0
A,2243,0.1083370485956308,0.0,0.0,0.0,0.0022291573785109,0.9572001783325904,0.9897458760588498,1.0,1.0,run_seed_322_hash_e0cd5d01,322,baseline,1.1
B,1966,0.0712105798575788,0.0,0.0,0.0,0.0,0.963886063072228,0.9949135300101728,1.0,1.0,run_seed_322_hash_e0cd5d01,322,baseline,1.1
A,2664,0.1501501501501501,0.0,0.0,1.0,0.0033783783783783,0.9309309309309308,0.9898648648648648,1.0,1.0,run_seed_320_hash_64beb8db,320,baseline,1.0
B,2044,0.0660469667318982,0.0,0.0,0.0,0.0004892367906066,0.9691780821917808,0.9951076320939336,1.0,1.0,run_seed_320_hash_64beb8db,320,baseline,1.0
A,2606,0.1120491174213353,0.0,0.0,0.0,0.0023023791250959,0.9551036070606294,0.9907904834996164,1.0,1.0,run_seed_313_hash_64beb8db,313,baseline,1.0
B,2086,0.0632790028763183,0.0,0.0,0.0,0.0019175455417066,0.972195589645254,0.9942473633748802,1.0,1.0,run_seed_313_hash_64beb8db,313,baseline,1.0
A,2040,0.1078431372549019,0.0,0.0,1.0,0.0014705882352941,0.9485294117647058,0.9926470588235294,1.0,1.0,run_seed_302_hash_e481da2f,302,baseline,1.2
B,1807,0.0774764803541782,0.0,0.0,0.0,0.0,0.9645821804095184,0.9950193691200886,1.0,1.0,run_seed_302_hash_e481da2f,302,baseline,1.2
A,2578,0.1062839410395655,0.0,0.0,1.0,0.0011636927851047,0.9491854150504266,0.9918541505042668,1.0,1.0,run_seed_327_hash_64beb8db,327,baseline,1.0
B,2120,0.0693396226415094,0.0,0.0,0.0,0.0014150943396226,0.9665094339622642,0.994811320754717,1.0,1.0,run_seed_327_hash_64beb8db,327,baseline,1.0
A,2603,0.145985401459854,0.0,0.0,1.0,0.0026892047637341,0.93622742988859,0.9888590088359586,0.9992316557817904,1.0,run_seed_321_hash_64beb8db,321,baseline,1.0
B,2069,0.0720154664088931,0.0,0.0,0.0,0.0014499758337361,0.9623006283228612,0.9971000483325276,1.0,1.0,run_seed_321_hash_64beb8db,321,baseline,1.0
A,2262,0.1105216622458001,0.0,0.0,1.0,0.0013262599469496,0.9434129089301504,0.9907161803713528,1.0,1.0,run_seed_311_hash_e0cd5d01,311,baseline,1.1
B,1954,0.086489252814739,0.0,0.0,0.0,0.0005117707267144,0.9539406345957012,0.9938587512794268,1.0,1.0,run_seed_311_hash_e0cd5d01,311,baseline,1.1
A,2052,0.1228070175438596,0.0,0.0,1.0,0.0009746588693957,0.9454191033138402,0.9902534113060428,1.0,1.0,run_seed_322_hash_e481da2f,322,baseline,1.2
B,1777,0.0866629150253235,0.0,0.0,0.0,0.0028137310073157,0.9583567810917276,0.9938097917839056,1.0,1.0,run_seed_322_hash_e481da2f,322,baseline,1.2
A,2079,0.1192881192881192,0.0,0.0,0.0,0.0024050024050024,0.9523809523809524,0.9918229918229918,0.9990379990379992,1.0,run_seed_314_hash_e481da2f,314,baseline,1.2
B,1727,0.0671685002895194,0.0,0.0,0.0,0.0011580775911986,0.9681528662420382,0.9953676896352056,1.0,1.0,run_seed_314_hash_e481da2f,314,baseline,1.2
A,2315,0.1269978401727861,0.0,0.0,0.2999999999997271,0.0017278617710583,0.9498920086393088,0.9900647948164149,1.0,1.0,run_seed_325_hash_e0cd5d01,325,baseline,1.1
B,1927,0.0809548521017125,0.0,0.0,0.0,0.0010378827192527,0.9647119875454072,0.9953295277633628,0.9994810586403736,1.0,run_seed_325_hash_e0cd5d01,325,baseline,1.1
A,2082,0.100864553314121,0.0,0.0,0.0,0.0019212295869356,0.9548511047070124,0.9932756964457252,1.0,1.0,run_seed_312_hash_e481da2f,312,baseline,1.2
B,1768,0.0984162895927601,0.0,0.0,0.0,0.0016968325791855,0.9581447963800904,0.9915158371040724,1.0,1.0,run_seed_312_hash_e481da2f,312,baseline,1.2
A,2338,0.0893926432848588,0.0,0.0,0.0,0.0004277159965782,0.9542343883661248,0.9948674080410608,1.0,1.0,run_seed_306_hash_e0cd5d01,306,baseline,1.1
B,1864,0.0659871244635193,0.0,0.0,0.0,0.0010729613733905,0.9662017167381974,0.9967811158798284,1.0,1.0,run_seed_306_hash_e0cd5d01,306,baseline,1.1
A,2044,0.1188845401174168,0.0,0.0,1.0,0.0014677103718199,0.9427592954990216,0.9916829745596868,1.0,1.0,run_seed_301_hash_e481da2f,301,baseline,1.2
B,1778,0.1102362204724409,0.0,0.0,1.0,0.0022497187851518,0.9460067491563554,0.9943757030371204,1.0,1.0,run_seed_301_hash_e481da2f,301,baseline,1.2
A,2084,0.0978886756238003,0.0,0.0,1.0,0.0014395393474088,0.9481765834932822,0.9923224568138196,1.0,1.0,run_seed_330_hash_e481da2f,330,baseline,1.2
B,1780,0.0910112359550561,0.0,0.0,0.0,0.0022471910112359,0.956741573033708,0.9926966292134832,0.999438202247191,1.0,run_seed_330_hash_e481da2f,330,baseline,1.2
A,2650,0.0660377358490566,0.0,0.0,0.0,0.000754716981132,0.9686792452830189,0.9943396226415094,1.0,1.0,run_seed_325_hash_64beb8db,325,baseline,1.0
B,2044,0.0401174168297455,0.0,0.0,0.0,0.0004892367906066,0.978962818003914,0.9975538160469668,1.0,1.0,run_seed_325_hash_64beb8db,325,baseline,1.0
A,2656,0.09375,0.0,0.0,0.0,0.0011295180722891,0.954066265060241,0.9935993975903614,1.0,1.0,run_seed_315_hash_64beb8db,315,baseline,1.0
B,2021,0.0380999505195447,0.0,0.0,0.0,0.0004948045522018,0.98416625432954,0.9965363681345868,1.0,1.0,run_seed_315_hash_64beb8db,315,baseline,1.0
A,2585,0.1156673114119922,0.0,0.0,1.0,0.0027079303675048,0.9454545454545454,0.9914893617021276,0.999613152804642,1.0,run_seed_330_hash_64beb8db,330,baseline,1.0
B,2058,0.0471331389698736,0.0,0.0,0.0,0.0004859086491739,0.9732750242954324,0.9965986394557824,1.0,1.0,run_seed_330_hash_64beb8db,330,baseline,1.0
A,2276,0.117311072056239,0.0,0.0,1.0,0.0021968365553602,0.9490333919156416,0.9907732864674867,1.0,1.0,run_seed_307_hash_e0cd5d01,307,baseline,1.1
B,1941,0.0597630087583719,0.0,0.0,0.0,0.0025759917568263,0.9685729005667182,0.9953632148377124,1.0,1.0,run_seed_307_hash_e0cd5d01,307,baseline,1.1
A,2645,0.107750472589792,0.0,0.0,1.0,0.0022684310018903,0.9485822306238184,0.9928166351606804,1.0,1.0,run_seed_304_hash_64beb8db,304,baseline,1.0
B,2048,0.046875,0.0,0.0,0.0,0.0,0.97216796875,0.99755859375,1.0,1.0,run_seed_304_hash_64beb8db,304,baseline,1.0
A,2308,0.134315424610052,0.0,0.0,1.0,0.0012998266897746,0.9493067590987868,0.9900346620450606,0.9991334488734837,1.0,run_seed_313_hash_e0cd5d01,313,baseline,1.1
B,1939,0.1206807632800412,0.0,0.0,0.0,0.002578648788035,0.9556472408457968,0.9886539453326456,0.999484270242393,1.0,run_seed_313_hash_e0cd5d01,313,baseline,1.1
A,2669,0.1330086174597227,0.0,0.0,1.0,0.0033720494567253,0.941925814911952,0.9891345073061072,1.0,1.0,run_seed_306_hash_64beb8db,306,baseline,1.0
B,1987,0.0890790135883241,0.0,0.0,0.0,0.0,0.9597382989431305,0.995470558631102,0.9994967287367892,1.0,run_seed_306_hash_64beb8db,306,baseline,1.0
A,2053,0.1095957135898684,0.0,0.0,1.0,0.0014612761811982,0.9493424257184608,0.990745250852411,1.0,1.0,run_seed_313_hash_e481da2f,313,baseline,1.2
B,1791,0.096035734226689,0.0,0.0,0.0,0.0011166945840312,0.96035734226689,0.993858179787828,1.0,1.0,run_seed_313_hash_e481da2f,313,baseline,1.2
A,2648,0.084214501510574,0.0,0.0,0.0,0.0015105740181268,0.9652567975830816,0.994335347432024,0.9996223564954684,1.0,run_seed_317_hash_64beb8db,317,baseline,1.0
B,2028,0.0562130177514792,0.0,0.0,0.0,0.0004930966469428,0.9733727810650888,0.9965483234714004,1.0,1.0,run_seed_317_hash_64beb8db,317,baseline,1.0
A,2603,0.1421436803688052,0.0,0.0,1.0,0.0026892047637341,0.9446792162888974,0.9880906646177487,0.9992316557817904,1.0,run_seed_314_hash_64beb8db,314,baseline,1.0
B,2073,0.0607814761215629,0.0,0.0,0.0,0.0014471780028943,0.9715388326097444,0.9961408586589484,1.0,1.0,run_seed_314_hash_64beb8db,314,baseline,1.0
A,2639,0.0894278135657446,0.0,0.0,0.0,0.0015157256536566,0.9590754073512694,0.9928003031451308,1.0,1.0,run_seed_307_hash_64beb8db,307,baseline,1.0
B,2063,0.0460494425593795,0.0,0.0,0.0,0.0,0.9747939893359184,0.9975763451284536,1.0,1.0,run_seed_307_hash_64beb8db,307,baseline,1.0
A,2336,0.1125856164383561,0.0,0.0,1.0,0.0025684931506849,0.9426369863013698,0.9931506849315068,1.0,1.0,run_seed_309_hash_e0cd5d01,309,baseline,1.1
B,1856,0.0792025862068965,0.0,0.0,0.0,0.0,0.9595905172413792,0.9951508620689656,1.0,1.0,run_seed_309_hash_e0cd5d01,309,baseline,1.1
A,2037,0.1516936671575846,0.0,0.0,1.0,0.0029455081001472,0.9455081001472754,0.9882179675994108,0.9985272459499264,1.0,run_seed_327_hash_e481da2f,327,baseline,1.2
B,1808,0.1045353982300884,0.0,0.0,0.0,0.0005530973451327,0.9651548672566372,0.9933628318584072,0.9988938053097344,1.0,run_seed_327_hash_e481da2f,327,baseline,1.2
A,2286,0.1307961504811898,0.0,0.0,1.0,0.0021872265966754,0.9479440069991252,0.989063867016623,0.9995625546806648,1.0,run_seed_324_hash_e0cd5d01,324,baseline,1.1
B,1926,0.0841121495327102,0.0,0.0,0.0,0.0010384215991692,0.962097611630322,0.9932502596053998,1.0,1.0,run_seed_324_hash_e0cd5d01,324,baseline,1.1
A,2070,0.1463768115942029,0.0,0.0,1.0,0.002415458937198,0.9415458937198068,0.9879227053140096,0.9990338164251208,1.0,run_seed_328_hash_e481da2f,328,baseline,1.2
B,1761,0.1061896649630891,0.0,0.0,0.0,0.0017035775127768,0.9568427030096536,0.9931856899488928,0.9994321408290744,1.0,run_seed_328_hash_e481da2f,328,baseline,1.2
A,2570,0.1268482490272373,0.0,0.0,1.0,0.0011673151750972,0.9443579766536964,0.9914396887159532,1.0,1.0,run_seed_310_hash_64beb8db,310,baseline,1.0
B,2122,0.0513666352497643,0.0,0.0,0.0,0.0,0.9679547596606974,0.998114985862394,1.0,1.0,run_seed_310_hash_64beb8db,310,baseline,1.0
A,2314,0.1348314606741573,0.0,0.0,1.0,0.0012964563526361,0.9403630077787382,0.989628349178911,1.0,1.0,run_seed_328_hash_e0cd5d01,328,baseline,1.1
B,1927,0.0923715620134924,0.0,0.0,1.0,0.0005189413596263,0.9491437467566164,0.9958484691229892,0.9994810586403736,1.0,run_seed_328_hash_e0cd5d01,328,baseline,1.1
A,2334,0.1469580119965724,0.0,0.0,1.0,0.0042844901456726,0.9361610968294772,0.9867180805484148,1.0,1.0,run_seed_303_hash_e0cd5d01,303,baseline,1.1
B,1900,0.0747368421052631,0.0,0.0,0.0,0.0,0.9594736842105264,0.9942105263157894,1.0,1.0,run_seed_303_hash_e0cd5d01,303,baseline,1.1
A,2041,0.0984811366976972,0.0,0.0,1.0,0.0014698677119059,0.9495345418912298,0.9936305732484076,1.0,1.0,run_seed_326_hash_e481da2f,326,baseline,1.2
B,1794,0.0719063545150501,0.0,0.0,0.0,0.0011148272017837,0.9654403567447044,0.9955406911928651,1.0,1.0,run_seed_326_hash_e481da2f,326,baseline,1.2
A,2224,0.1254496402877697,0.0,0.0,1.0,0.0022482014388489,0.9406474820143884,0.9910071942446044,1.0,1.0,run_seed_326_hash_e0cd5d01,326,baseline,1.1
B,1969,0.0914169629253428,0.0,0.0,0.0,0.0010157440325038,0.9614017267648552,0.9923819197562216,0.999492127983748,1.0,run_seed_326_hash_e0cd5d01,326,baseline,1.1
A,2078,0.1347449470644851,0.0,0.0,1.0,0.0019249278152069,0.942733397497594,0.9918190567853704,0.9995187680461982,1.0,run_seed_329_hash_e481da2f,329,baseline,1.2
B,1747,0.0789925586720091,0.0,0.0,0.0,0.0005724098454493,0.9627933600457927,0.9937034917000572,1.0,1.0,run_seed_329_hash_e481da2f,329,baseline,1.2
A,2286,0.1465441819772528,0.0,0.0,1.0,0.0008748906386701,0.9444444444444444,0.989063867016623,0.9991251093613298,1.0,run_seed_327_hash_e0cd5d01,327,baseline,1.1
B,1914,0.0804597701149425,0.0,0.0,0.0,0.0020898641588296,0.9634273772204808,0.9937304075235108,1.0,1.0,run_seed_327_hash_e0cd5d01,327,baseline,1.1
A,2087,0.1217057977958792,0.0,0.0,0.6999999999998181,0.0019166267369429,0.9496885481552468,0.9899377096310492,0.9995208433157644,1.0,run_seed_320_hash_e481da2f,320,baseline,1.2
B,1772,0.0857787810383747,0.0,0.0,0.0,0.0028216704288939,0.9593679458239278,0.9937923250564334,1.0,1.0,run_seed_320_hash_e481da2f,320,baseline,1.2
A,2058,0.0835762876579203,0.0,0.0,0.0,0.0014577259475218,0.9514091350826044,0.9956268221574344,1.0,1.0,run_seed_306_hash_e481da2f,306,baseline,1.2
B,1744,0.0951834862385321,0.0,0.0,0.0,0.0017201834862385,0.9581422018348624,0.9942660550458716,1.0,1.0,run_seed_306_hash_e481da2f,306,baseline,1.2
A,2252,0.1212255772646536,0.0,0.0,1.0,0.0008880994671403,0.9484902309058616,0.9906749555950266,0.9995559502664298,1.0,run_seed_330_hash_e0cd5d01,330,baseline,1.1
B,1968,0.0757113821138211,0.0,0.0,0.0,0.0010162601626016,0.9644308943089432,0.9964430894308944,1.0,1.0,run_seed_330_hash_e0cd5d01,330,baseline,1.1
A,2015,0.1156327543424317,0.0,0.0,1.0,0.0014888337468982,0.939454094292804,0.9925558312655088,1.0,1.0,run_seed_308_hash_e481da2f,308,baseline,1.2
B,1833,0.1025641025641025,0.0,0.0,0.0,0.0021822149481723,0.955264593562466,0.989088925259138,1.0,1.0,run_seed_308_hash_e481da2f,308,baseline,1.2
A,2297,0.1184153243360905,0.0,0.0,1.0,0.0017414018284719,0.9464518937744884,0.9912929908576404,1.0,1.0,run_seed_314_hash_e0cd5d01,314,baseline,1.1
B,1947,0.0631741140215716,0.0,0.0,0.0,0.0010272213662044,0.965588084232152,0.9958911145351824,1.0,1.0,run_seed_314_hash_e0cd5d01,314,baseline,1.1
A,2057,0.1137578998541565,0.0,0.0,1.0,0.0014584346135148,0.9474963539134662,0.992707826932426,0.9995138551288284,1.0,run_seed_319_hash_e481da2f,319,baseline,1.2
B,1792,0.0920758928571428,0.0,0.0,0.0,0.0016741071428571,0.9553571428571428,0.9938616071428572,1.0,1.0,run_seed_319_hash_e481da2f,319,baseline,1.2
A,2062,0.135305528612997,0.0,0.0,1.0,0.0024248302618816,0.9422890397672165,0.991270611057226,0.9995150339476236,1.0,run_seed_323_hash_e481da2f,323,baseline,1.2
B,1800,0.0911111111111111,0.0,0.0,0.0,0.0005555555555555,0.9572222222222222,0.9938888888888888,1.0,1.0,run_seed_323_hash_e481da2f,323,baseline,1.2
A,2078,0.0943214629451395,0.0,0.0,0.0,0.0019249278152069,0.9542829643888354,0.9932627526467758,1.0,1.0,run_seed_307_hash_e481da2f,307,baseline,1.2
B,1788,0.0782997762863534,0.0,0.0,0.0,0.0,0.964765100671141,0.9944071588366892,1.0,1.0,run_seed_307_hash_e481da2f,307,baseline,1.2
A,2603,0.1194775259316173,0.0,0.0,1.0,0.0011525163273146,0.9454475605071072,0.9896273530541684,1.0,1.0,run_seed_312_hash_64beb8db,312,baseline,1.0
B,2078,0.0423484119345524,0.0,0.0,0.0,0.0004812319538017,0.9744947064485082,0.9980750721847932,1.0,1.0,run_seed_312_hash_64beb8db,312,baseline,1.0
A,2600,0.1396153846153846,0.0,0.0,1.0,0.0023076923076923,0.9442307692307692,0.9869230769230768,1.0,1.0,run_seed_324_hash_64beb8db,324,baseline,1.0
B,2077,0.0500722195474241,0.0,0.0,0.0,0.0,0.9735194992778046,0.9966297544535389,1.0,1.0,run_seed_324_hash_64beb8db,324,baseline,1.0
A,2317,0.139835994820889,0.0,0.0,1.0,0.002589555459646,0.9387138541217092,0.9900733707380232,0.9991368148467846,1.0,run_seed_320_hash_e0cd5d01,320,baseline,1.1
B,1877,0.0783164624400639,0.0,0.0,0.0,0.0021310602024507,0.9611081513052744,0.9936068193926478,1.0,1.0,run_seed_320_hash_e0cd5d01,320,baseline,1.1
A,1993,0.1078775715002508,0.0,0.0,1.0,0.0020070245860511,0.945810336176618,0.9944806823883592,1.0,1.0,run_seed_317_hash_e481da2f,317,baseline,1.2
B,1851,0.0626688276607239,0.0,0.0,0.0,0.0005402485143165,0.9643435980551054,0.996218260399784,1.0,1.0,run_seed_317_hash_e481da2f,317,baseline,1.2
A,2349,0.0893997445721583,0.0,0.0,0.0,0.0004257130693912,0.9582801191996594,0.9948914431673052,0.9995742869306088,1.0,run_seed_302_hash_e0cd5d01,302,baseline,1.1
B,1874,0.0645677694770544,0.0,0.0,0.0,0.0016008537886872,0.9663820704375669,0.9957310565635006,1.0,1.0,run_seed_302_hash_e0cd5d01,302,baseline,1.1
A,2032,0.1003937007874015,0.0,0.0,0.0,0.0004921259842519,0.9517716535433072,0.9950787401574804,1.0,1.0,run_seed_321_hash_e481da2f,321,baseline,1.2
B,1813,0.0507446221731936,0.0,0.0,0.0,0.0005515719801434,0.971869829012686,0.9977937120794264,1.0,1.0,run_seed_321_hash_e481da2f,321,baseline,1.2
A,2063,0.1541444498303441,0.0,0.0,1.0,0.0024236548715462,0.9282598158022296,0.9878817256422684,1.0,1.0,run_seed_310_hash_e481da2f,310,baseline,1.2
B,1769,0.1051441492368569,0.0,0.0,0.0,0.0011305822498586,0.9564725833804408,0.9920859242509892,0.9994347088750708,1.0,run_seed_310_hash_e481da2f,310,baseline,1.2
A,2206,0.1178603807796917,0.0,0.0,1.0,0.0013599274705349,0.941976427923844,0.9936536718041704,1.0,1.0,run_seed_305_hash_e0cd5d01,305,baseline,1.1
B,1985,0.069521410579345,0.0,0.0,0.0,0.0005037783375314,0.9642317380352644,0.996977329974811,1.0,1.0,run_seed_305_hash_e0cd5d01,305,baseline,1.1
A,2065,0.1283292978208232,0.0,0.0,1.0,0.0014527845036319,0.9457627118644067,0.988861985472155,1.0,1.0,run_seed_315_hash_e481da2f,315,baseline,1.2
B,1796,0.0985523385300668,0.0,0.0,0.0,0.0016703786191536,0.9515590200445434,0.9922048997772828,0.9994432071269488,1.0,run_seed_315_hash_e481da2f,315,baseline,1.2
A,2531,0.1074674041880679,0.0,0.0,0.0,0.0003951007506914,0.9525879099170288,0.9952587909917028,0.9996048992493086,1.0,run_seed_316_hash_64beb8db,316,baseline,1.0
B,2140,0.0401869158878504,0.0,0.0,0.0,0.0004672897196261,0.9738317757009346,0.9990654205607477,1.0,1.0,run_seed_316_hash_64beb8db,316,baseline,1.0
A,2640,0.1007575757575757,0.0,0.0,0.0,0.0011363636363636,0.9507575757575758,0.9950757575757576,1.0,1.0,run_seed_305_hash_64beb8db,305,baseline,1.0
B,2052,0.0350877192982456,0.0,0.0,0.0,0.0004873294346978,0.982943469785575,0.9975633528265108,1.0,1.0,run_seed_305_hash_64beb8db,305,baseline,1.0
A,2273,0.0976682798064232,0.0,0.0,0.0,0.0004399472063352,0.9529256489221294,0.9925208974923008,1.0,1.0,run_seed_318_hash_e0cd5d01,318,baseline,1.1
B,1950,0.0989743589743589,0.0,0.0,0.0,0.0015384615384615,0.9553846153846154,0.9917948717948718,0.9994871794871796,1.0,run_seed_318_hash_e0cd5d01,318,baseline,1.1
A,2087,0.1058936272160996,0.0,0.0,1.0,0.0019166267369429,0.9420220412074748,0.9947292764734068,1.0,1.0,run_seed_311_hash_e481da2f,311,baseline,1.2
B,1772,0.082392776523702,0.0,0.0,0.0,0.0,0.9571106094808126,0.994920993227991,1.0,1.0,run_seed_311_hash_e481da2f,311,baseline,1.2
A,2044,0.1433463796477495,0.0,0.0,1.0,0.0019569471624266,0.9442270058708416,0.987279843444227,0.9990215264187868,1.0,run_seed_324_hash_e481da2f,324,baseline,1.2
B,1800,0.0911111111111111,0.0,0.0,0.0,0.0016666666666666,0.9577777777777776,0.995,0.9994444444444444,1.0,run_seed_324_hash_e481da2f,324,baseline,1.2
A,2630,0.082509505703422,0.0,0.0,0.0,0.0003802281368821,0.955893536121673,0.9958174904942966,0.999619771863118,1.0,run_seed_302_hash_64beb8db,302,baseline,1.0
B,2059,0.0412821758135017,0.0,0.0,0.0,0.0,0.97425934919864,0.9985429820301116,1.0,1.0,run_seed_302_hash_64beb8db,302,baseline,1.0
A,2695,0.1053803339517625,0.0,0.0,1.0,0.0018552875695732,0.9495361781076068,0.9922077922077922,0.9996289424860854,1.0,run_seed_311_hash_64beb8db,311,baseline,1.0
B,1953,0.0527393753200204,0.0,0.0,0.0,0.0005120327700972,0.9779825908858168,0.9969278033794164,0.9994879672299029,1.0,run_seed_311_hash_64beb8db,311,baseline,1.0
A,2065,0.111864406779661,0.0,0.0,1.0,0.0014527845036319,0.94818401937046,0.9941888619854722,0.9995157384987894,1.0,run_seed_309_hash_e481da2f,309,baseline,1.2
B,1759,0.0682205798749289,0.0,0.0,0.0,0.000568504832291,0.9670267197271176,0.9954519613416714,0.9994314951677088,1.0,run_seed_309_hash_e481da2f,309,baseline,1.2
A,2076,0.1271676300578034,0.0,0.0,1.0,0.0024084778420038,0.9378612716763006,0.9918111753371868,1.0,1.0,run_seed_304_hash_e481da2f,304,baseline,1.2
B,1768,0.1040723981900452,0.0,0.0,0.0,0.001131221719457,0.95079185520362,0.9937782805429864,1.0,1.0,run_seed_304_hash_e481da2f,304,baseline,1.2
A,2606,0.0986185725249424,0.0,0.0,0.0,0.0011511895625479,0.9562547966231773,0.9915579432079816,1.0,1.0,run_seed_322_hash_64beb8db,322,baseline,1.0
B,2058,0.0515063168124392,0.0,0.0,0.0,0.0,0.9747327502429544,0.9970845481049564,1.0,1.0,run_seed_322_hash_64beb8db,322,baseline,1.0
A,2250,0.104,0.0,0.0,0.5499999999997272,0.0008888888888888,0.9497777777777778,0.992,1.0,1.0,run_seed_316_hash_e0cd5d01,316,baseline,1.1
B,1969,0.0777044184865413,0.0,0.0,0.0,0.0015236160487557,0.9608938547486032,0.994413407821229,1.0,1.0,run_seed_316_hash_e0cd5d01,316,baseline,1.1
A,2288,0.104020979020979,0.0,0.0,0.0,0.0017482517482517,0.9532342657342656,0.993444055944056,1.0,1.0,run_seed_323_hash_e0cd5d01,323,baseline,1.1
B,1924,0.081081081081081,0.0,0.0,0.0,0.001039501039501,0.9610187110187112,0.9948024948024948,1.0,1.0,run_seed_323_hash_e0cd5d01,323,baseline,1.1
A,2083,0.0979356697071531,0.0,0.0,0.0,0.0009601536245799,0.9524723955832932,0.9918386941910706,1.0,1.0,run_seed_325_hash_e481da2f,325,baseline,1.2
B,1777,0.0714687675858188,0.0,0.0,0.0,0.0011254924029262,0.9651097355092854,0.9938097917839056,1.0,1.0,run_seed_325_hash_e481da2f,325,baseline,1.2
A,2621,0.1167493323159099,0.0,0.0,1.0,0.001526135062953,0.9454406714994276,0.991606257153758,1.0,1.0,run_seed_323_hash_64beb8db,323,baseline,1.0
B,2065,0.0547215496368038,0.0,0.0,0.0,0.0,0.9694915254237289,0.997094430992736,1.0,1.0,run_seed_323_hash_64beb8db,323,baseline,1.0
A,2044,0.1110567514677103,0.0,0.0,1.0,0.0019569471624266,0.9408023483365948,0.9946183953033269,1.0,1.0,run_seed_305_hash_e481da2f,305,baseline,1.2
B,1795,0.0863509749303621,0.0,0.0,0.0,0.0,0.9598885793871866,0.9944289693593314,1.0,1.0,run_seed_305_hash_e481da2f,305,baseline,1.2
A,2602,0.1322059953881629,0.0,0.0,0.949999999999818,0.0003843197540353,0.9496541122213682,0.9896233666410452,1.0,1.0,run_seed_328_hash_64beb8db,328,baseline,1.0
B,2073,0.0656054027978774,0.0,0.0,0.0,0.0019295706705258,0.9681620839363242,0.9932465026531596,1.0,1.0,run_seed_328_hash_64beb8db,328,baseline,1.0
A,2542,0.1325727773406766,0.0,0.0,1.0,0.0003933910306845,0.938630999213218,0.991345397324941,1.0,1.0,run_seed_309_hash_64beb8db,309,baseline,1.0
B,2130,0.0455399061032863,0.0,0.0,0.0,0.0004694835680751,0.9769953051643192,0.9976525821596244,1.0,1.0,run_seed_309_hash_64beb8db,309,baseline,1.0
A,2096,0.1335877862595419,0.0,0.0,1.0,0.0014312977099236,0.9470419847328244,0.9895038167938932,0.9995229007633588,1.0,run_seed_303_hash_e481da2f,303,baseline,1.2
B,1748,0.0749427917620137,0.0,0.0,0.0,0.0017162471395881,0.9622425629290616,0.9937070938215103,1.0,1.0,run_seed_303_hash_e481da2f,303,baseline,1.2
